<databaseChangeLog
        xmlns="http://www.liquibase.org/xml/ns/dbchangelog"
        xmlns:xsi="http://www.w3.org/2001/XMLSchema-instance"
        xsi:schemaLocation="http://www.liquibase.org/xml/ns/dbchangelog
                             http://www.liquibase.org/xml/ns/dbchangelog/dbchangelog-3.4.xsd">
    <changeSet id="create_sheet" author="db@user">
        <createTable tableName="sheet">
            <column name="id" type="int" autoIncrement="true">
                <constraints primaryKey="true"/>
            </column>
        </createTable>
    </changeSet>
    <changeSet id="tag-1.6" author="db@user">
        <tagDatabase tag="1.6"/>
    </changeSet>
</databaseChangeLog>