<databaseChangeLog
        xmlns="http://www.liquibase.org/xml/ns/dbchangelog"
        xmlns:xsi="http://www.w3.org/2001/XMLSchema-instance"
        xsi:schemaLocation="http://www.liquibase.org/xml/ns/dbchangelog
                             http://www.liquibase.org/xml/ns/dbchangelog/dbchangelog-3.4.xsd">
    <changeSet id="create_faculty" author="db@user">
        <createTable tableName="faculty">
            <column name="id" type="int" autoIncrement="true">
                <constraints primaryKey="true"/>
            </column>
            <column name="name" type="varchar(255)">
                <constraints nullable="false"/>
            </column>
            <column name="budget" type="int">
                <constraints nullable="false"/>
            </column>
            <column name="common" type="int">
                <constraints nullable="false"/>
            </column>
        </createTable>
        <createIndex indexName="faculty_idx0" tableName="faculty" unique="true">
            <column name="name"/>
        </createIndex>
        <createIndex indexName="faculty_idx1" tableName="faculty">
            <column name="budget"/>
        </createIndex>
        <createIndex indexName="faculty_idx2" tableName="faculty">
            <column name="common"/>
        </createIndex>
    </changeSet>
    <changeSet id="tag-1.0" author="db@user">
        <tagDatabase tag="1.0"/>
    </changeSet>
</databaseChangeLog>